<?xml version="1.0" encoding="UTF-8"?>
<spirit:component xmlns:xilinx="http://www.xilinx.com" xmlns:spirit="http://www.spiritconsortium.org/XMLSchema/SPIRIT/1685-2009" xmlns:xsi="http://www.w3.org/2001/XMLSchema-instance">
  <spirit:vendor>xilinx.com</spirit:vendor>
  <spirit:library>user</spirit:library>
  <spirit:name>next_state_proc</spirit:name>
  <spirit:version>1.0</spirit:version>
  <spirit:busInterfaces>
    <spirit:busInterface>
      <spirit:name>reset</spirit:name>
      <spirit:busType spirit:vendor="xilinx.com" spirit:library="signal" spirit:name="data" spirit:version="1.0"/>
      <spirit:abstractionType spirit:vendor="xilinx.com" spirit:library="signal" spirit:name="data_rtl" spirit:version="1.0"/>
      <spirit:slave/>
      <spirit:portMaps>
        <spirit:portMap>
          <spirit:logicalPort>
            <spirit:name>DATA</spirit:name>
          </spirit:logicalPort>
          <spirit:physicalPort>
            <spirit:name>reset</spirit:name>
          </spirit:physicalPort>
        </spirit:portMap>
      </spirit:portMaps>
    </spirit:busInterface>
    <spirit:busInterface>
      <spirit:name>clk</spirit:name>
      <spirit:busType spirit:vendor="xilinx.com" spirit:library="signal" spirit:name="clock" spirit:version="1.0"/>
      <spirit:abstractionType spirit:vendor="xilinx.com" spirit:library="signal" spirit:name="clock_rtl" spirit:version="1.0"/>
      <spirit:slave/>
      <spirit:portMaps>
        <spirit:portMap>
          <spirit:logicalPort>
            <spirit:name>CLK</spirit:name>
          </spirit:logicalPort>
          <spirit:physicalPort>
            <spirit:name>clk</spirit:name>
          </spirit:physicalPort>
        </spirit:portMap>
      </spirit:portMaps>
      <spirit:parameters>
        <spirit:parameter>
          <spirit:name>ASSOCIATED_RESET</spirit:name>
          <spirit:value spirit:id="BUSIFPARAM_VALUE.CLK.ASSOCIATED_RESET">reset</spirit:value>
        </spirit:parameter>
      </spirit:parameters>
    </spirit:busInterface>
  </spirit:busInterfaces>
  <spirit:model>
    <spirit:views>
      <spirit:view>
        <spirit:name>xilinx_anylanguagesynthesis</spirit:name>
        <spirit:displayName>Synthesis</spirit:displayName>
        <spirit:envIdentifier>:vivado.xilinx.com:synthesis</spirit:envIdentifier>
        <spirit:language>VHDL</spirit:language>
        <spirit:modelName>next_state_proc</spirit:modelName>
        <spirit:fileSetRef>
          <spirit:localName>xilinx_anylanguagesynthesis_view_fileset</spirit:localName>
        </spirit:fileSetRef>
        <spirit:parameters>
          <spirit:parameter>
            <spirit:name>viewChecksum</spirit:name>
            <spirit:value>9fa7a61a</spirit:value>
          </spirit:parameter>
        </spirit:parameters>
      </spirit:view>
      <spirit:view>
        <spirit:name>xilinx_anylanguagebehavioralsimulation</spirit:name>
        <spirit:displayName>Simulation</spirit:displayName>
        <spirit:envIdentifier>:vivado.xilinx.com:simulation</spirit:envIdentifier>
        <spirit:language>VHDL</spirit:language>
        <spirit:modelName>next_state_proc</spirit:modelName>
        <spirit:fileSetRef>
          <spirit:localName>xilinx_anylanguagebehavioralsimulation_view_fileset</spirit:localName>
        </spirit:fileSetRef>
        <spirit:parameters>
          <spirit:parameter>
            <spirit:name>viewChecksum</spirit:name>
            <spirit:value>9fa7a61a</spirit:value>
          </spirit:parameter>
        </spirit:parameters>
      </spirit:view>
      <spirit:view>
        <spirit:name>xilinx_testbench</spirit:name>
        <spirit:displayName>Test Bench</spirit:displayName>
        <spirit:envIdentifier>:vivado.xilinx.com:simulation.testbench</spirit:envIdentifier>
        <spirit:modelName>next_state_proc</spirit:modelName>
        <spirit:fileSetRef>
          <spirit:localName>xilinx_testbench_view_fileset</spirit:localName>
        </spirit:fileSetRef>
        <spirit:parameters>
          <spirit:parameter>
            <spirit:name>viewChecksum</spirit:name>
            <spirit:value>37b68f68</spirit:value>
          </spirit:parameter>
        </spirit:parameters>
      </spirit:view>
      <spirit:view>
        <spirit:name>xilinx_xpgui</spirit:name>
        <spirit:displayName>UI Layout</spirit:displayName>
        <spirit:envIdentifier>:vivado.xilinx.com:xgui.ui</spirit:envIdentifier>
        <spirit:fileSetRef>
          <spirit:localName>xilinx_xpgui_view_fileset</spirit:localName>
        </spirit:fileSetRef>
        <spirit:parameters>
          <spirit:parameter>
            <spirit:name>viewChecksum</spirit:name>
            <spirit:value>636c6460</spirit:value>
          </spirit:parameter>
        </spirit:parameters>
      </spirit:view>
    </spirit:views>
    <spirit:ports>
      <spirit:port>
        <spirit:name>clk</spirit:name>
        <spirit:wire>
          <spirit:direction>in</spirit:direction>
          <spirit:wireTypeDefs>
            <spirit:wireTypeDef>
              <spirit:typeName>std_logic</spirit:typeName>
              <spirit:viewNameRef>xilinx_anylanguagesynthesis</spirit:viewNameRef>
              <spirit:viewNameRef>xilinx_anylanguagebehavioralsimulation</spirit:viewNameRef>
            </spirit:wireTypeDef>
          </spirit:wireTypeDefs>
        </spirit:wire>
      </spirit:port>
      <spirit:port>
        <spirit:name>last_state</spirit:name>
        <spirit:wire>
          <spirit:direction>in</spirit:direction>
          <spirit:vector>
            <spirit:left spirit:format="long">63</spirit:left>
            <spirit:right spirit:format="long">0</spirit:right>
          </spirit:vector>
          <spirit:wireTypeDefs>
            <spirit:wireTypeDef>
              <spirit:typeName>std_logic_vector</spirit:typeName>
              <spirit:viewNameRef>xilinx_anylanguagesynthesis</spirit:viewNameRef>
              <spirit:viewNameRef>xilinx_anylanguagebehavioralsimulation</spirit:viewNameRef>
            </spirit:wireTypeDef>
          </spirit:wireTypeDefs>
        </spirit:wire>
      </spirit:port>
      <spirit:port>
        <spirit:name>reset</spirit:name>
        <spirit:wire>
          <spirit:direction>in</spirit:direction>
          <spirit:wireTypeDefs>
            <spirit:wireTypeDef>
              <spirit:typeName>std_logic</spirit:typeName>
              <spirit:viewNameRef>xilinx_anylanguagesynthesis</spirit:viewNameRef>
              <spirit:viewNameRef>xilinx_anylanguagebehavioralsimulation</spirit:viewNameRef>
            </spirit:wireTypeDef>
          </spirit:wireTypeDefs>
        </spirit:wire>
      </spirit:port>
      <spirit:port>
        <spirit:name>next_state</spirit:name>
        <spirit:wire>
          <spirit:direction>out</spirit:direction>
          <spirit:vector>
            <spirit:left spirit:format="long">63</spirit:left>
            <spirit:right spirit:format="long">0</spirit:right>
          </spirit:vector>
          <spirit:wireTypeDefs>
            <spirit:wireTypeDef>
              <spirit:typeName>std_logic_vector</spirit:typeName>
              <spirit:viewNameRef>xilinx_anylanguagesynthesis</spirit:viewNameRef>
              <spirit:viewNameRef>xilinx_anylanguagebehavioralsimulation</spirit:viewNameRef>
            </spirit:wireTypeDef>
          </spirit:wireTypeDefs>
        </spirit:wire>
      </spirit:port>
      <spirit:port>
        <spirit:name>next_state_calculation</spirit:name>
        <spirit:wire>
          <spirit:direction>out</spirit:direction>
          <spirit:vector>
            <spirit:left spirit:format="long">63</spirit:left>
            <spirit:right spirit:format="long">0</spirit:right>
          </spirit:vector>
          <spirit:wireTypeDefs>
            <spirit:wireTypeDef>
              <spirit:typeName>std_logic_vector</spirit:typeName>
              <spirit:viewNameRef>xilinx_anylanguagesynthesis</spirit:viewNameRef>
              <spirit:viewNameRef>xilinx_anylanguagebehavioralsimulation</spirit:viewNameRef>
            </spirit:wireTypeDef>
          </spirit:wireTypeDefs>
        </spirit:wire>
      </spirit:port>
      <spirit:port>
        <spirit:name>ready</spirit:name>
        <spirit:wire>
          <spirit:direction>out</spirit:direction>
          <spirit:wireTypeDefs>
            <spirit:wireTypeDef>
              <spirit:typeName>std_logic</spirit:typeName>
              <spirit:viewNameRef>xilinx_anylanguagesynthesis</spirit:viewNameRef>
              <spirit:viewNameRef>xilinx_anylanguagebehavioralsimulation</spirit:viewNameRef>
            </spirit:wireTypeDef>
          </spirit:wireTypeDefs>
          <spirit:driver>
            <spirit:defaultValue spirit:format="bitString" spirit:bitStringLength="1">0x0</spirit:defaultValue>
          </spirit:driver>
        </spirit:wire>
      </spirit:port>
    </spirit:ports>
    <spirit:modelParameters>
      <spirit:modelParameter xsi:type="spirit:nameValueTypeType" spirit:dataType="integer">
        <spirit:name>distancia_a_vecinos</spirit:name>
        <spirit:displayName>Distancia A Vecinos</spirit:displayName>
        <spirit:value spirit:format="long" spirit:resolve="generated" spirit:id="MODELPARAM_VALUE.distancia_a_vecinos">1</spirit:value>
      </spirit:modelParameter>
    </spirit:modelParameters>
  </spirit:model>
  <spirit:fileSets>
    <spirit:fileSet>
      <spirit:name>xilinx_anylanguagesynthesis_view_fileset</spirit:name>
      <spirit:file>
        <spirit:name>src/adjacente.vhd</spirit:name>
        <spirit:fileType>vhdlSource</spirit:fileType>
        <spirit:userFileType>IMPORTED_FILE</spirit:userFileType>
      </spirit:file>
      <spirit:file>
        <spirit:name>src/next_state.vhd</spirit:name>
        <spirit:fileType>vhdlSource</spirit:fileType>
        <spirit:userFileType>CHECKSUM_1f165f31</spirit:userFileType>
        <spirit:userFileType>IMPORTED_FILE</spirit:userFileType>
      </spirit:file>
    </spirit:fileSet>
    <spirit:fileSet>
      <spirit:name>xilinx_anylanguagebehavioralsimulation_view_fileset</spirit:name>
      <spirit:file>
        <spirit:name>src/adjacente.vhd</spirit:name>
        <spirit:fileType>vhdlSource</spirit:fileType>
        <spirit:userFileType>IMPORTED_FILE</spirit:userFileType>
      </spirit:file>
      <spirit:file>
        <spirit:name>src/next_state.vhd</spirit:name>
        <spirit:fileType>vhdlSource</spirit:fileType>
        <spirit:userFileType>IMPORTED_FILE</spirit:userFileType>
      </spirit:file>
    </spirit:fileSet>
    <spirit:fileSet>
      <spirit:name>xilinx_testbench_view_fileset</spirit:name>
      <spirit:file>
        <spirit:name>src/next_state_behav.wcfg</spirit:name>
        <spirit:fileType>unknown</spirit:fileType>
        <spirit:userFileType>IMPORTED_FILE</spirit:userFileType>
        <spirit:userFileType>USED_IN_simulation</spirit:userFileType>
        <spirit:userFileType>USED_IN_testbench</spirit:userFileType>
      </spirit:file>
    </spirit:fileSet>
    <spirit:fileSet>
      <spirit:name>xilinx_xpgui_view_fileset</spirit:name>
      <spirit:file>
        <spirit:name>xgui/next_state_proc_v1_0.tcl</spirit:name>
        <spirit:fileType>tclSource</spirit:fileType>
        <spirit:userFileType>CHECKSUM_636c6460</spirit:userFileType>
        <spirit:userFileType>XGUI_VERSION_2</spirit:userFileType>
      </spirit:file>
    </spirit:fileSet>
  </spirit:fileSets>
  <spirit:description>next_state_proc_v1_0</spirit:description>
  <spirit:parameters>
    <spirit:parameter>
      <spirit:name>Component_Name</spirit:name>
      <spirit:value spirit:resolve="user" spirit:id="PARAM_VALUE.Component_Name" spirit:order="1">next_state_proc_v1_0</spirit:value>
    </spirit:parameter>
    <spirit:parameter>
      <spirit:name>distancia_a_vecinos</spirit:name>
      <spirit:displayName>Distancia A Vecinos</spirit:displayName>
      <spirit:value spirit:format="long" spirit:resolve="user" spirit:id="PARAM_VALUE.distancia_a_vecinos">1</spirit:value>
    </spirit:parameter>
  </spirit:parameters>
  <spirit:vendorExtensions>
    <xilinx:coreExtensions>
      <xilinx:supportedFamilies>
        <xilinx:family xilinx:lifeCycle="Production">zynq</xilinx:family>
        <xilinx:family xilinx:lifeCycle="Production">qzynq</xilinx:family>
        <xilinx:family xilinx:lifeCycle="Production">azynq</xilinx:family>
        <xilinx:family xilinx:lifeCycle="Production">zynquplus</xilinx:family>
        <xilinx:family xilinx:lifeCycle="Production">virtexuplus</xilinx:family>
        <xilinx:family xilinx:lifeCycle="Production">virtexuplusHBM</xilinx:family>
        <xilinx:family xilinx:lifeCycle="Production">kintexu</xilinx:family>
      </xilinx:supportedFamilies>
      <xilinx:taxonomies>
        <xilinx:taxonomy>/UserIP</xilinx:taxonomy>
      </xilinx:taxonomies>
      <xilinx:displayName>next_state_proc_v1_3</xilinx:displayName>
      <xilinx:definitionSource>package_project</xilinx:definitionSource>
      <xilinx:coreRevision>8</xilinx:coreRevision>
      <xilinx:coreCreationDateTime>2024-05-12T00:04:27Z</xilinx:coreCreationDateTime>
      <xilinx:tags>
        <xilinx:tag xilinx:name="ui.data.coregen.dd@21acacb6_ARCHIVE_LOCATION">c:/Users/crosa/Desktop/tobal/UC/sep/personal-ips/next_state_v2</xilinx:tag>
        <xilinx:tag xilinx:name="ui.data.coregen.dd@3dc4be77_ARCHIVE_LOCATION">c:/Users/crosa/Desktop/tobal/UC/sep/personal-ips/next_state_v2</xilinx:tag>
        <xilinx:tag xilinx:name="ui.data.coregen.dd@4f6d58d1_ARCHIVE_LOCATION">c:/Users/crosa/Desktop/tobal/UC/sep/personal-ips/next_state_v2</xilinx:tag>
        <xilinx:tag xilinx:name="ui.data.coregen.dd@6c90b0d4_ARCHIVE_LOCATION">c:/Users/crosa/Desktop/tobal/UC/sep/personal-ips/next_state_v2</xilinx:tag>
        <xilinx:tag xilinx:name="ui.data.coregen.dd@331c43b4_ARCHIVE_LOCATION">c:/Users/crosa/Desktop/tobal/UC/sep/personal-ips/next_state_v2</xilinx:tag>
        <xilinx:tag xilinx:name="ui.data.coregen.dd@4dc332a2_ARCHIVE_LOCATION">c:/Users/crosa/Desktop/tobal/UC/sep/personal-ips/next_state_v2</xilinx:tag>
        <xilinx:tag xilinx:name="ui.data.coregen.dd@6d2ebb2b_ARCHIVE_LOCATION">c:/Users/crosa/Desktop/tobal/UC/sep/personal-ips/next_state_v2</xilinx:tag>
        <xilinx:tag xilinx:name="ui.data.coregen.dd@3ab7efbf_ARCHIVE_LOCATION">c:/Users/crosa/Desktop/tobal/UC/sep/personal-ips/next_state_v2</xilinx:tag>
        <xilinx:tag xilinx:name="ui.data.coregen.dd@13557b03_ARCHIVE_LOCATION">c:/Users/crosa/Desktop/tobal/UC/sep/personal-ips/next_state_v2</xilinx:tag>
        <xilinx:tag xilinx:name="ui.data.coregen.dd@21891c66_ARCHIVE_LOCATION">c:/Users/crosa/Desktop/tobal/UC/sep/personal-ips/next_state_v2</xilinx:tag>
        <xilinx:tag xilinx:name="ui.data.coregen.dd@128df31f_ARCHIVE_LOCATION">c:/Users/crosa/Desktop/tobal/UC/sep/personal-ips/next_state_v2</xilinx:tag>
        <xilinx:tag xilinx:name="ui.data.coregen.dd@6e425684_ARCHIVE_LOCATION">c:/Users/crosa/Desktop/tobal/UC/sep/personal-ips/next_state_v2</xilinx:tag>
        <xilinx:tag xilinx:name="ui.data.coregen.dd@57d8cc26_ARCHIVE_LOCATION">c:/Users/crosa/Desktop/tobal/UC/sep/personal-ips/next_state_v2</xilinx:tag>
        <xilinx:tag xilinx:name="ui.data.coregen.dd@6be91e31_ARCHIVE_LOCATION">c:/Users/crosa/Desktop/tobal/UC/sep/personal-ips/next_state_v2</xilinx:tag>
        <xilinx:tag xilinx:name="ui.data.coregen.dd@4bba98c_ARCHIVE_LOCATION">c:/Users/crosa/Desktop/tobal/UC/sep/personal-ips/next_state_v2</xilinx:tag>
        <xilinx:tag xilinx:name="ui.data.coregen.dd@4c8ac2e6_ARCHIVE_LOCATION">c:/Users/crosa/Desktop/tobal/UC/sep/personal-ips/next_state_v2</xilinx:tag>
        <xilinx:tag xilinx:name="ui.data.coregen.dd@f3bb092_ARCHIVE_LOCATION">c:/Users/crosa/Desktop/tobal/UC/sep/personal-ips/next_state_v2</xilinx:tag>
        <xilinx:tag xilinx:name="ui.data.coregen.dd@2d765d1c_ARCHIVE_LOCATION">c:/Users/crosa/Desktop/tobal/UC/sep/personal-ips/next_state_v2</xilinx:tag>
        <xilinx:tag xilinx:name="ui.data.coregen.dd@291a52d_ARCHIVE_LOCATION">c:/Users/crosa/Desktop/tobal/UC/sep/personal-ips/next_state_v2</xilinx:tag>
        <xilinx:tag xilinx:name="ui.data.coregen.dd@660eb420_ARCHIVE_LOCATION">c:/Users/crosa/Desktop/tobal/UC/sep/personal-ips/next_state_v2</xilinx:tag>
        <xilinx:tag xilinx:name="ui.data.coregen.dd@62c55028_ARCHIVE_LOCATION">c:/Users/crosa/Desktop/tobal/UC/sep/personal-ips/next_state_v2</xilinx:tag>
        <xilinx:tag xilinx:name="ui.data.coregen.dd@66a2bde5_ARCHIVE_LOCATION">c:/Users/crosa/Desktop/tobal/UC/sep/personal-ips/next_state_v2</xilinx:tag>
        <xilinx:tag xilinx:name="ui.data.coregen.dd@30c4ad8_ARCHIVE_LOCATION">c:/Users/crosa/Desktop/tobal/UC/sep/personal-ips/next_state_v2</xilinx:tag>
        <xilinx:tag xilinx:name="ui.data.coregen.dd@33e718c_ARCHIVE_LOCATION">c:/Users/crosa/Desktop/tobal/UC/sep/personal-ips/next_state_v2</xilinx:tag>
        <xilinx:tag xilinx:name="ui.data.coregen.dd@7d7be0e6_ARCHIVE_LOCATION">c:/Users/crosa/Desktop/tobal/UC/sep/personal-ips/next_state_v2</xilinx:tag>
        <xilinx:tag xilinx:name="ui.data.coregen.dd@55b4e055_ARCHIVE_LOCATION">c:/Users/crosa/Desktop/tobal/UC/sep/personal-ips/next_state_v2</xilinx:tag>
        <xilinx:tag xilinx:name="ui.data.coregen.dd@37930523_ARCHIVE_LOCATION">c:/Users/crosa/Desktop/tobal/UC/sep/personal-ips/next_state_v2</xilinx:tag>
        <xilinx:tag xilinx:name="ui.data.coregen.dd@66c875c1_ARCHIVE_LOCATION">c:/Users/crosa/Desktop/tobal/UC/sep/personal-ips/next_state_v2</xilinx:tag>
        <xilinx:tag xilinx:name="ui.data.coregen.dd@52df9718_ARCHIVE_LOCATION">c:/Users/crosa/Desktop/tobal/UC/sep/personal-ips/next_state_v2</xilinx:tag>
        <xilinx:tag xilinx:name="ui.data.coregen.dd@4f34542a_ARCHIVE_LOCATION">c:/Users/crosa/Desktop/tobal/UC/sep/personal-ips/next_state_v2</xilinx:tag>
        <xilinx:tag xilinx:name="ui.data.coregen.dd@4cc2d308_ARCHIVE_LOCATION">c:/Users/crosa/Desktop/tobal/UC/sep/personal-ips/next_state_v2</xilinx:tag>
        <xilinx:tag xilinx:name="ui.data.coregen.dd@4024d110_ARCHIVE_LOCATION">c:/Users/crosa/Desktop/tobal/UC/sep/personal-ips/next_state_v2</xilinx:tag>
        <xilinx:tag xilinx:name="ui.data.coregen.dd@147e9b8d_ARCHIVE_LOCATION">c:/Users/crosa/Desktop/tobal/UC/sep/personal-ips/next_state_v2</xilinx:tag>
        <xilinx:tag xilinx:name="ui.data.coregen.dd@bcb3f84_ARCHIVE_LOCATION">c:/Users/crosa/Desktop/tobal/UC/sep/personal-ips/next_state_v2</xilinx:tag>
        <xilinx:tag xilinx:name="ui.data.coregen.dd@24b41860_ARCHIVE_LOCATION">c:/Users/crosa/Desktop/tobal/UC/sep/personal-ips/next_state_v2</xilinx:tag>
        <xilinx:tag xilinx:name="ui.data.coregen.dd@329f620d_ARCHIVE_LOCATION">c:/Users/crosa/Desktop/tobal/UC/sep/personal-ips/next_state_v2</xilinx:tag>
        <xilinx:tag xilinx:name="ui.data.coregen.dd@872b293_ARCHIVE_LOCATION">c:/Users/crosa/Desktop/tobal/UC/sep/personal-ips/next_state_v2</xilinx:tag>
        <xilinx:tag xilinx:name="ui.data.coregen.dd@7381f20c_ARCHIVE_LOCATION">c:/Users/crosa/Desktop/tobal/UC/sep/personal-ips/next_state_v2</xilinx:tag>
        <xilinx:tag xilinx:name="ui.data.coregen.dd@5661654c_ARCHIVE_LOCATION">c:/Users/crosa/Desktop/tobal/UC/sep/personal-ips/next_state_v2</xilinx:tag>
        <xilinx:tag xilinx:name="ui.data.coregen.dd@50156995_ARCHIVE_LOCATION">c:/Users/crosa/Desktop/tobal/UC/sep/personal-ips/next_state_v2</xilinx:tag>
        <xilinx:tag xilinx:name="ui.data.coregen.dd@3658b1f4_ARCHIVE_LOCATION">c:/Users/crosa/Desktop/tobal/UC/sep/personal-ips/next_state_v2</xilinx:tag>
        <xilinx:tag xilinx:name="ui.data.coregen.dd@7430ba72_ARCHIVE_LOCATION">c:/Users/crosa/Desktop/tobal/UC/sep/personal-ips/next_state_v2</xilinx:tag>
        <xilinx:tag xilinx:name="ui.data.coregen.dd@2b3e9a8d_ARCHIVE_LOCATION">c:/Users/crosa/Desktop/tobal/UC/sep/personal-ips/next_state_v2</xilinx:tag>
        <xilinx:tag xilinx:name="ui.data.coregen.dd@46d4b200_ARCHIVE_LOCATION">c:/Users/crosa/Desktop/tobal/UC/sep/personal-ips/next_state_v2</xilinx:tag>
        <xilinx:tag xilinx:name="ui.data.coregen.dd@11dd65cf_ARCHIVE_LOCATION">c:/Users/crosa/Desktop/tobal/UC/sep/personal-ips/next_state_v2</xilinx:tag>
        <xilinx:tag xilinx:name="ui.data.coregen.dd@39c71456_ARCHIVE_LOCATION">c:/Users/crosa/Desktop/tobal/UC/sep/personal-ips/next_state_v2</xilinx:tag>
        <xilinx:tag xilinx:name="ui.data.coregen.dd@3d51f58c_ARCHIVE_LOCATION">c:/Users/crosa/Desktop/tobal/UC/sep/personal-ips/next_state_v2</xilinx:tag>
        <xilinx:tag xilinx:name="ui.data.coregen.dd@79a456ed_ARCHIVE_LOCATION">c:/Users/crosa/Desktop/tobal/UC/sep/personal-ips/next_state_v2</xilinx:tag>
        <xilinx:tag xilinx:name="ui.data.coregen.dd@1d1a7237_ARCHIVE_LOCATION">c:/Users/crosa/Desktop/tobal/UC/sep/personal-ips/next_state_v2</xilinx:tag>
        <xilinx:tag xilinx:name="ui.data.coregen.dd@50fce92_ARCHIVE_LOCATION">c:/Users/crosa/Desktop/tobal/UC/sep/personal-ips/next_state_v2</xilinx:tag>
        <xilinx:tag xilinx:name="ui.data.coregen.dd@32dd95dd_ARCHIVE_LOCATION">c:/Users/crosa/Desktop/tobal/UC/sep/personal-ips/next_state_v2</xilinx:tag>
        <xilinx:tag xilinx:name="ui.data.coregen.dd@3b1960f2_ARCHIVE_LOCATION">c:/Users/crosa/Desktop/tobal/UC/sep/personal-ips/next_state_v2</xilinx:tag>
        <xilinx:tag xilinx:name="ui.data.coregen.dd@7b23b9e1_ARCHIVE_LOCATION">c:/Users/crosa/Desktop/tobal/UC/sep/personal-ips/next_state_v2</xilinx:tag>
        <xilinx:tag xilinx:name="ui.data.coregen.dd@42bbaf7e_ARCHIVE_LOCATION">c:/Users/crosa/Desktop/tobal/UC/sep/personal-ips/next_state_v2</xilinx:tag>
        <xilinx:tag xilinx:name="ui.data.coregen.dd@67c6bd0c_ARCHIVE_LOCATION">c:/Users/crosa/Desktop/tobal/UC/sep/personal-ips/next_state_v2</xilinx:tag>
        <xilinx:tag xilinx:name="ui.data.coregen.dd@35414f5f_ARCHIVE_LOCATION">c:/Users/crosa/Desktop/tobal/UC/sep/personal-ips/next_state_v2</xilinx:tag>
        <xilinx:tag xilinx:name="ui.data.coregen.dd@3263ff16_ARCHIVE_LOCATION">c:/Users/crosa/Desktop/tobal/UC/sep/personal-ips/next_state_v2</xilinx:tag>
      </xilinx:tags>
    </xilinx:coreExtensions>
    <xilinx:packagingInfo>
      <xilinx:xilinxVersion>2020.1</xilinx:xilinxVersion>
      <xilinx:checksum xilinx:scope="busInterfaces" xilinx:value="66a43612"/>
      <xilinx:checksum xilinx:scope="fileGroups" xilinx:value="caafbd5e"/>
      <xilinx:checksum xilinx:scope="ports" xilinx:value="297faaf3"/>
      <xilinx:checksum xilinx:scope="hdlParameters" xilinx:value="3c3f05dd"/>
      <xilinx:checksum xilinx:scope="parameters" xilinx:value="5248ccbd"/>
    </xilinx:packagingInfo>
  </spirit:vendorExtensions>
</spirit:component>
